{
    "direccion": {
        "modelo": "timpal0l",
        "p": 0.30357142857142855,
        "r": 0.85,
        "f1": 0.4473684210526316
    },
    "fot": {
        "modelo": "timpal0l",
        "p": 0.6785714285714286,
        "r": 0.76,
        "f1": 0.7169811320754718
    },
    "irregular": {
        "modelo": "rvargas",
        "p": 0.8181818181818182,
        "r": 0.6428571428571429,
        "f1": 0.7200000000000001
    },
    "medidas": {
        "modelo": "timpal0l",
        "p": 0.5,
        "r": 0.9705882352941176,
        "f1": 0.6599999999999999
    },
    "esquina": {
        "modelo": "timpal0l",
        "p": 0.43333333333333335,
        "r": 1.0,
        "f1": 0.6046511627906976
    },
    "barrio": {
        "modelo": "timpal0l",
        "p": 0.47058823529411764,
        "r": 0.4444444444444444,
        "f1": 0.45714285714285713
    },
    "frentes": {
        "modelo": "mrm8488",
        "p": 0.11940298507462686,
        "r": 1.0,
        "f1": 0.21333333333333335
    },
    "pileta": {
        "modelo": "timpal0l",
        "p": 0.8695652173913043,
        "r": 1.0,
        "f1": 0.9302325581395349
    }
}